Budget :,0.0,Tornado Length:,25.0
Best Bound:,15974
Best Objective:,15974
Gap:,0.0
CCG Run time:,1570.33
CCG Iteration:,2
Subproblem Run time:,1570.01
Number of Subproblem Callbacks:,48
Subproblem Callbacks Run Time:,8.06
Number of Uncertainty Set Check Call:,0
Uncertainty Set Check Run Time:,0
Head of worst tornado:,-94.575,37.057
Tail of worst tornado:,-94.426,37.094

Block ID,coordinate_x,coordinate_y,Population,Retrofitting,Retrofitting Cost,Damaged?,Recover,Recovery Cost,Dislocation
81,-94.584,37.071,56,Do_nothing,0,NO,0,0,0,
171,-94.578,37.059,45,Do_nothing,0,YES,0.0,0,45,
69,-94.572,37.059,389,Do_nothing,0,YES,0.0,0,385,
114,-94.57,37.069,185,Do_nothing,0,NO,0,0,0,
20,-94.57,37.062,320,Do_nothing,0,YES,0.0,0,317,
145,-94.566,37.077,75,Do_nothing,0,NO,0,0,0,
92,-94.566,37.096,96,Do_nothing,0,NO,0,0,0,
110,-94.562,37.053,210,Do_nothing,0,NO,0,0,0,
122,-94.559,37.062,124,Do_nothing,0,YES,0.0,0,123,
137,-94.558,37.045,43,Do_nothing,0,NO,0,0,0,
56,-94.556,37.052,168,Do_nothing,0,NO,0,0,0,
100,-94.556,37.067,251,Do_nothing,0,YES,0.0,0,249,
173,-94.554,37.071,251,Do_nothing,0,NO,0,0,0,
9,-94.553,37.077,171,Do_nothing,0,NO,0,0,0,
88,-94.552,37.099,49,Do_nothing,0,NO,0,0,0,
36,-94.552,37.06,507,Do_nothing,0,YES,0.0,0,502,
149,-94.551,37.094,170,Do_nothing,0,NO,0,0,0,
66,-94.551,37.066,189,Do_nothing,0,YES,0.0,0,187,
191,-94.55,37.075,210,Do_nothing,0,NO,0,0,0,
14,-94.548,37.093,308,Do_nothing,0,NO,0,0,0,
159,-94.547,37.066,200,Do_nothing,0,YES,0.0,0,198,
6,-94.546,37.056,263,Do_nothing,0,NO,0,0,0,
26,-94.544,37.081,178,Do_nothing,0,NO,0,0,0,
119,-94.544,37.089,344,Do_nothing,0,NO,0,0,0,
164,-94.543,37.041,2,Do_nothing,0,NO,0,0,0,
86,-94.543,37.061,818,Do_nothing,0,YES,0.0,0,811,
61,-94.542,37.075,159,Do_nothing,0,NO,0,0,0,
165,-94.541,37.093,364,Do_nothing,0,NO,0,0,0,
147,-94.54,37.083,313,Do_nothing,0,NO,0,0,0,
136,-94.54,37.078,335,Do_nothing,0,NO,0,0,0,
31,-94.538,37.068,336,Do_nothing,0,YES,0.0,0,333,
53,-94.538,37.09,139,Do_nothing,0,NO,0,0,0,
168,-94.537,37.065,257,Do_nothing,0,YES,0.0,0,255,
167,-94.537,37.076,31,Do_nothing,0,NO,0,0,0,
45,-94.536,37.043,128,Do_nothing,0,NO,0,0,0,
193,-94.535,37.048,44,Do_nothing,0,NO,0,0,0,
197,-94.534,37.068,266,Do_nothing,0,YES,0.0,0,264,
108,-94.532,37.103,50,Do_nothing,0,NO,0,0,0,
148,-94.532,37.089,286,Do_nothing,0,NO,0,0,0,
33,-94.531,37.094,275,Do_nothing,0,NO,0,0,0,
83,-94.53,37.067,244,Do_nothing,0,YES,0.0,0,242,
163,-94.53,37.044,103,Do_nothing,0,NO,0,0,0,
49,-94.529,37.071,479,Do_nothing,0,YES,0.0,0,475,
151,-94.528,37.064,293,Do_nothing,0,YES,0.0,0,290,
60,-94.528,37.083,459,Do_nothing,0,NO,0,0,0,
186,-94.528,37.05,57,Do_nothing,0,NO,0,0,0,
156,-94.527,37.078,148,Do_nothing,0,NO,0,0,0,
155,-94.527,37.114,49,Do_nothing,0,NO,0,0,0,
172,-94.526,37.087,216,Do_nothing,0,NO,0,0,0,
2,-94.525,37.066,384,Do_nothing,0,YES,0.0,0,381,
180,-94.524,37.062,515,Do_nothing,0,NO,0,0,0,
150,-94.524,37.074,425,Do_nothing,0,YES,0.0,0,421,
91,-94.524,37.07,408,Do_nothing,0,YES,0.0,0,404,
68,-94.523,37.104,260,Do_nothing,0,NO,0,0,0,
29,-94.523,37.085,414,Do_nothing,0,NO,0,0,0,
178,-94.523,37.094,264,Do_nothing,0,NO,0,0,0,
95,-94.523,37.08,367,Do_nothing,0,NO,0,0,0,
90,-94.522,37.09,448,Do_nothing,0,NO,0,0,0,
111,-94.521,37.053,507,Do_nothing,0,NO,0,0,0,
13,-94.52,37.076,257,Do_nothing,0,YES,0.0,0,255,
154,-94.52,37.067,495,Do_nothing,0,YES,0.0,0,491,
3,-94.52,37.096,277,Do_nothing,0,NO,0,0,0,
55,-94.52,37.101,288,Do_nothing,0,NO,0,0,0,
120,-94.519,37.072,482,Do_nothing,0,YES,0.0,0,478,
80,-94.519,37.059,168,Do_nothing,0,NO,0,0,0,
131,-94.519,37.083,238,Do_nothing,0,NO,0,0,0,
87,-94.519,37.042,210,Do_nothing,0,NO,0,0,0,
130,-94.518,37.088,451,Do_nothing,0,NO,0,0,0,
158,-94.518,37.094,380,Do_nothing,0,NO,0,0,0,
146,-94.517,37.054,434,Do_nothing,0,NO,0,0,0,
93,-94.517,37.074,385,Do_nothing,0,YES,0.0,0,382,
12,-94.517,37.05,360,Do_nothing,0,NO,0,0,0,
161,-94.516,37.099,354,Do_nothing,0,NO,0,0,0,
140,-94.516,37.06,312,Do_nothing,0,NO,0,0,0,
54,-94.516,37.091,396,Do_nothing,0,NO,0,0,0,
41,-94.515,37.068,324,Do_nothing,0,YES,0.0,0,321,
52,-94.515,37.064,372,Do_nothing,0,NO,0,0,0,
82,-94.515,37.095,358,Do_nothing,0,NO,0,0,0,
47,-94.514,37.043,199,Do_nothing,0,NO,0,0,0,
135,-94.514,37.027,3,Do_nothing,0,NO,0,0,0,
198,-94.513,37.088,198,Do_nothing,0,NO,0,0,0,
44,-94.512,37.057,244,Do_nothing,0,NO,0,0,0,
153,-94.511,37.06,290,Do_nothing,0,NO,0,0,0,
128,-94.511,37.127,128,Do_nothing,0,NO,0,0,0,
104,-94.511,37.065,446,Do_nothing,0,NO,0,0,0,
109,-94.511,37.07,501,Do_nothing,0,YES,0.0,0,496,
185,-94.511,37.074,372,Do_nothing,0,YES,0.0,0,369,
30,-94.511,37.04,330,Do_nothing,0,NO,0,0,0,
71,-94.511,37.113,315,Do_nothing,0,NO,0,0,0,
176,-94.511,37.048,319,Do_nothing,0,NO,0,0,0,
196,-94.51,37.031,54,Do_nothing,0,NO,0,0,0,
21,-94.51,37.082,188,Do_nothing,0,NO,0,0,0,
96,-94.51,37.077,239,Do_nothing,0,YES,0.0,0,237,
72,-94.509,37.142,127,Do_nothing,0,NO,0,0,0,
94,-94.508,37.055,124,Do_nothing,0,NO,0,0,0,
18,-94.507,37.12,449,Do_nothing,0,NO,0,0,0,
189,-94.507,37.092,80,Do_nothing,0,NO,0,0,0,
169,-94.507,37.058,281,Do_nothing,0,NO,0,0,0,
28,-94.506,37.074,324,Do_nothing,0,YES,0.0,0,321,
129,-94.506,37.095,131,Do_nothing,0,NO,0,0,0,
8,-94.506,37.062,344,Do_nothing,0,NO,0,0,0,
144,-94.506,37.04,153,Do_nothing,0,NO,0,0,0,
58,-94.505,37.046,128,Do_nothing,0,NO,0,0,0,
106,-94.504,37.082,87,Do_nothing,0,NO,0,0,0,
35,-94.504,37.091,133,Do_nothing,0,NO,0,0,0,
123,-94.503,37.112,229,Do_nothing,0,NO,0,0,0,
160,-94.502,37.036,32,Do_nothing,0,NO,0,0,0,
97,-94.502,37.071,714,Do_nothing,0,YES,0.0,0,708,
134,-94.501,37.093,247,Do_nothing,0,NO,0,0,0,
166,-94.501,37.042,103,Do_nothing,0,NO,0,0,0,
157,-94.501,37.06,199,Do_nothing,0,NO,0,0,0,
117,-94.501,37.065,659,Do_nothing,0,NO,0,0,0,
170,-94.501,37.129,10,Do_nothing,0,NO,0,0,0,
57,-94.5,37.077,335,Do_nothing,0,YES,0.0,0,332,
10,-94.499,37.099,15,Do_nothing,0,NO,0,0,0,
126,-94.498,37.058,454,Do_nothing,0,NO,0,0,0,
39,-94.498,37.086,109,Do_nothing,0,NO,0,0,0,
63,-94.497,37.092,248,Do_nothing,0,NO,0,0,0,
19,-94.496,37.05,1267,Do_nothing,0,NO,0,0,0,
75,-94.496,37.071,1031,Do_nothing,0,YES,0.0,0,1022,
142,-94.494,37.086,327,Do_nothing,0,NO,0,0,0,
152,-94.494,37.081,862,Do_nothing,0,YES,0.0,0,854,
59,-94.494,37.038,387,Do_nothing,0,NO,0,0,0,
64,-94.494,37.057,414,Do_nothing,0,NO,0,0,0,
62,-94.493,37.115,417,Do_nothing,0,NO,0,0,0,
112,-94.493,37.103,311,Do_nothing,0,NO,0,0,0,
46,-94.493,37.129,456,Do_nothing,0,NO,0,0,0,
15,-94.493,37.018,173,Do_nothing,0,NO,0,0,0,
24,-94.493,37.067,659,Do_nothing,0,NO,0,0,0,
17,-94.492,37.108,485,Do_nothing,0,NO,0,0,0,
175,-94.492,37.09,282,Do_nothing,0,NO,0,0,0,
101,-94.491,37.023,157,Do_nothing,0,NO,0,0,0,
127,-94.49,37.05,250,Do_nothing,0,NO,0,0,0,
105,-94.49,37.06,853,Do_nothing,0,NO,0,0,0,
115,-94.49,37.082,449,Do_nothing,0,YES,0.0,0,445,
89,-94.489,37.086,234,Do_nothing,0,NO,0,0,0,
77,-94.488,37.055,65,Do_nothing,0,NO,0,0,0,
25,-94.488,37.091,377,Do_nothing,0,NO,0,0,0,
70,-94.488,37.068,541,Do_nothing,0,NO,0,0,0,
182,-94.487,37.089,216,Do_nothing,0,NO,0,0,0,
1,-94.487,37.079,360,Do_nothing,0,YES,0.0,0,357,
48,-94.486,37.031,111,Do_nothing,0,NO,0,0,0,
192,-94.486,37.075,126,Do_nothing,0,YES,0.0,0,125,
40,-94.486,37.103,247,Do_nothing,0,NO,0,0,0,
67,-94.486,37.108,416,Do_nothing,0,NO,0,0,0,
187,-94.485,37.125,87,Do_nothing,0,NO,0,0,0,
139,-94.485,37.112,366,Do_nothing,0,NO,0,0,0,
107,-94.484,37.025,181,Do_nothing,0,NO,0,0,0,
188,-94.484,37.064,268,Do_nothing,0,NO,0,0,0,
85,-94.483,37.077,288,Do_nothing,0,YES,0.0,0,285,
116,-94.483,37.038,199,Do_nothing,0,NO,0,0,0,
181,-94.483,37.051,196,Do_nothing,0,NO,0,0,0,
84,-94.483,37.085,203,Do_nothing,0,YES,0.0,0,201,
37,-94.482,37.115,491,Do_nothing,0,NO,0,0,0,
34,-94.482,37.07,385,Do_nothing,0,NO,0,0,0,
174,-94.482,37.089,141,Do_nothing,0,NO,0,0,0,
99,-94.481,37.066,325,Do_nothing,0,NO,0,0,0,
43,-94.481,37.018,15,Do_nothing,0,NO,0,0,0,
133,-94.48,37.073,237,Do_nothing,0,NO,0,0,0,
179,-94.479,37.081,121,Do_nothing,0,YES,0.0,0,120,
51,-94.479,37.125,43,Do_nothing,0,NO,0,0,0,
11,-94.477,37.111,341,Do_nothing,0,NO,0,0,0,
103,-94.474,37.082,448,Do_nothing,0,YES,0.0,0,444,
4,-94.474,37.043,76,Do_nothing,0,NO,0,0,0,
177,-94.474,37.117,130,Do_nothing,0,NO,0,0,0,
16,-94.472,37.077,775,Do_nothing,0,YES,0.0,0,768,
138,-94.469,37.126,555,Do_nothing,0,NO,0,0,0,
194,-94.468,37.089,417,Do_nothing,0,YES,0.0,0,413,
76,-94.467,37.076,242,Do_nothing,0,NO,0,0,0,
32,-94.466,37.082,123,Do_nothing,0,YES,0.0,0,122,
5,-94.466,37.103,482,Do_nothing,0,NO,0,0,0,
124,-94.466,37.108,852,Do_nothing,0,NO,0,0,0,
79,-94.464,37.087,222,Do_nothing,0,YES,0.0,0,220,
143,-94.462,37.105,1212,Do_nothing,0,NO,0,0,0,
50,-94.461,37.048,227,Do_nothing,0,NO,0,0,0,
162,-94.461,37.076,203,Do_nothing,0,NO,0,0,0,
190,-94.459,37.115,2,Do_nothing,0,NO,0,0,0,
42,-94.458,37.065,322,Do_nothing,0,NO,0,0,0,
125,-94.458,37.086,191,Do_nothing,0,YES,0.0,0,189,
78,-94.458,37.123,16,Do_nothing,0,NO,0,0,0,
65,-94.456,37.107,108,Do_nothing,0,NO,0,0,0,
183,-94.454,37.051,34,Do_nothing,0,NO,0,0,0,
22,-94.452,37.086,6,Do_nothing,0,YES,0.0,0,6,
141,-94.452,37.064,136,Do_nothing,0,NO,0,0,0,
199,-94.447,37.069,117,Do_nothing,0,NO,0,0,0,
200,-94.447,37.099,93,Do_nothing,0,NO,0,0,0,
98,-94.445,37.092,65,Do_nothing,0,YES,0.0,0,64,
74,-94.443,37.054,576,Do_nothing,0,NO,0,0,0,
113,-94.442,37.064,123,Do_nothing,0,NO,0,0,0,
121,-94.442,37.042,2,Do_nothing,0,NO,0,0,0,
7,-94.441,37.068,389,Do_nothing,0,NO,0,0,0,
23,-94.441,37.098,23,Do_nothing,0,NO,0,0,0,
184,-94.438,37.056,52,Do_nothing,0,NO,0,0,0,
132,-94.436,37.063,39,Do_nothing,0,NO,0,0,0,
195,-94.436,37.068,218,Do_nothing,0,NO,0,0,0,
118,-94.432,37.098,68,Do_nothing,0,YES,0.0,0,67,
27,-94.431,37.054,31,Do_nothing,0,NO,0,0,0,
73,-94.424,37.112,6,Do_nothing,0,NO,0,0,0,
102,-94.422,37.061,17,Do_nothing,0,NO,0,0,0,
38,-94.411,37.068,10,Do_nothing,0,NO,0,0,0,
